timeStamp,elapsed,label,responseCode,responseMessage,threadName,dataType,success,failureMessage,bytes,sentBytes,grpThreads,allThreads,URL,Latency,IdleTime,Connect
1765988823686,749,HTTP Request,200,OK,Thread Group 1-6,text,true,,1516,137,13,13,https://jsonplaceholder.typicode.com/posts/1,735,0,665
1765988823586,849,HTTP Request,200,OK,Thread Group 1-5,text,true,,1516,137,13,13,https://jsonplaceholder.typicode.com/posts/1,835,0,765
1765988823353,1082,HTTP Request,200,OK,Thread Group 1-1,text,true,,1515,137,13,13,https://jsonplaceholder.typicode.com/posts/1,1068,0,998
1765988823786,649,HTTP Request,200,OK,Thread Group 1-7,text,true,,1515,137,13,13,https://jsonplaceholder.typicode.com/posts/1,636,0,565
1765988823987,448,HTTP Request,200,OK,Thread Group 1-9,text,true,,1515,137,13,13,https://jsonplaceholder.typicode.com/posts/1,434,0,364
1765988823486,949,HTTP Request,200,OK,Thread Group 1-4,text,true,,1515,137,13,13,https://jsonplaceholder.typicode.com/posts/1,935,0,865
1765988823386,1049,HTTP Request,200,OK,Thread Group 1-3,text,true,,1515,137,13,13,https://jsonplaceholder.typicode.com/posts/1,1035,0,965
1765988823885,550,HTTP Request,200,OK,Thread Group 1-8,text,true,,1515,137,13,13,https://jsonplaceholder.typicode.com/posts/1,536,0,466
1765988823353,1082,HTTP Request,200,OK,Thread Group 1-2,text,true,,1515,137,13,13,https://jsonplaceholder.typicode.com/posts/1,1068,0,998
1765988824087,348,HTTP Request,200,OK,Thread Group 1-10,text,true,,1515,137,13,13,https://jsonplaceholder.typicode.com/posts/1,335,0,264
1765988824289,148,HTTP Request,200,OK,Thread Group 1-12,text,true,,1515,137,13,13,https://jsonplaceholder.typicode.com/posts/1,148,0,99
1765988824441,46,HTTP Request,200,OK,Thread Group 1-12,text,true,,1515,137,14,14,https://jsonplaceholder.typicode.com/posts/1,46,0,0
1765988824440,48,HTTP Request,200,OK,Thread Group 1-1,text,true,,1515,137,14,14,https://jsonplaceholder.typicode.com/posts/1,47,0,0
1765988824440,49,HTTP Request,200,OK,Thread Group 1-8,text,true,,1515,137,14,14,https://jsonplaceholder.typicode.com/posts/1,48,0,0
1765988824440,49,HTTP Request,200,OK,Thread Group 1-4,text,true,,1515,137,14,14,https://jsonplaceholder.typicode.com/posts/1,49,0,0
1765988824440,49,HTTP Request,200,OK,Thread Group 1-5,text,true,,1515,137,14,14,https://jsonplaceholder.typicode.com/posts/1,49,0,0
1765988824440,50,HTTP Request,200,OK,Thread Group 1-9,text,true,,1515,137,14,14,https://jsonplaceholder.typicode.com/posts/1,50,0,0
1765988824440,50,HTTP Request,200,OK,Thread Group 1-3,text,true,,1515,137,14,14,https://jsonplaceholder.typicode.com/posts/1,50,0,0
1765988824441,49,HTTP Request,200,OK,Thread Group 1-10,text,true,,1515,137,14,14,https://jsonplaceholder.typicode.com/posts/1,49,0,0
1765988824440,51,HTTP Request,200,OK,Thread Group 1-2,text,true,,1515,137,14,14,https://jsonplaceholder.typicode.com/posts/1,50,0,0
1765988824439,51,HTTP Request,200,OK,Thread Group 1-6,text,true,,1515,137,14,14,https://jsonplaceholder.typicode.com/posts/1,51,0,0
1765988824440,51,HTTP Request,200,OK,Thread Group 1-7,text,true,,1515,137,14,14,https://jsonplaceholder.typicode.com/posts/1,51,0,0
1765988824189,311,HTTP Request,200,OK,Thread Group 1-11,text,true,,1515,137,14,14,https://jsonplaceholder.typicode.com/posts/1,311,0,262
1765988824489,49,HTTP Request,200,OK,Thread Group 1-1,text,true,,1515,137,14,14,https://jsonplaceholder.typicode.com/posts/1,49,0,0
1765988824488,51,HTTP Request,200,OK,Thread Group 1-12,text,true,,1515,137,14,14,https://jsonplaceholder.typicode.com/posts/1,50,0,0
1765988824387,154,HTTP Request,200,OK,Thread Group 1-13,text,true,,1515,137,14,14,https://jsonplaceholder.typicode.com/posts/1,154,0,100
1765988824490,54,HTTP Request,200,OK,Thread Group 1-8,text,true,,1515,137,14,14,https://jsonplaceholder.typicode.com/posts/1,53,0,0
1765988824491,53,HTTP Request,200,OK,Thread Group 1-5,text,true,,1515,137,14,14,https://jsonplaceholder.typicode.com/posts/1,53,0,0
1765988824491,54,HTTP Request,200,OK,Thread Group 1-3,text,true,,1515,137,14,14,https://jsonplaceholder.typicode.com/posts/1,53,0,0
1765988824492,53,HTTP Request,200,OK,Thread Group 1-2,text,true,,1515,137,14,14,https://jsonplaceholder.typicode.com/posts/1,53,0,0
1765988824491,54,HTTP Request,200,OK,Thread Group 1-9,text,true,,1515,137,14,14,https://jsonplaceholder.typicode.com/posts/1,54,0,0
1765988824492,53,HTTP Request,200,OK,Thread Group 1-6,text,true,,1515,137,14,14,https://jsonplaceholder.typicode.com/posts/1,53,0,0
1765988824492,57,HTTP Request,200,OK,Thread Group 1-7,text,true,,1515,137,14,14,https://jsonplaceholder.typicode.com/posts/1,57,0,0
1765988824492,58,HTTP Request,200,OK,Thread Group 1-10,text,true,,1515,137,14,14,https://jsonplaceholder.typicode.com/posts/1,57,0,0
1765988824491,60,HTTP Request,200,OK,Thread Group 1-4,text,true,,1515,137,14,14,https://jsonplaceholder.typicode.com/posts/1,59,0,0
1765988824501,51,HTTP Request,200,OK,Thread Group 1-11,text,true,,1515,137,14,14,https://jsonplaceholder.typicode.com/posts/1,50,0,0
1765988824540,49,HTTP Request,200,OK,Thread Group 1-1,text,true,,1515,137,15,15,https://jsonplaceholder.typicode.com/posts/1,49,0,0
1765988824541,48,HTTP Request,200,OK,Thread Group 1-12,text,true,,1515,137,15,15,https://jsonplaceholder.typicode.com/posts/1,48,0,0
1765988824543,51,HTTP Request,200,OK,Thread Group 1-13,text,true,,1515,137,15,15,https://jsonplaceholder.typicode.com/posts/1,50,0,0
1765988824545,50,HTTP Request,200,OK,Thread Group 1-8,text,true,,1515,137,15,15,https://jsonplaceholder.typicode.com/posts/1,49,0,0
1765988824546,49,HTTP Request,200,OK,Thread Group 1-5,text,true,,1515,137,15,15,https://jsonplaceholder.typicode.com/posts/1,49,0,0
1765988824547,51,HTTP Request,200,OK,Thread Group 1-2,text,true,,1515,137,15,15,https://jsonplaceholder.typicode.com/posts/1,51,0,0
1765988824547,51,HTTP Request,200,OK,Thread Group 1-6,text,true,,1515,137,15,15,https://jsonplaceholder.typicode.com/posts/1,51,0,0
1765988824547,51,HTTP Request,200,OK,Thread Group 1-9,text,true,,1515,137,15,15,https://jsonplaceholder.typicode.com/posts/1,51,0,0
1765988824546,52,HTTP Request,200,OK,Thread Group 1-3,text,true,,1515,137,15,15,https://jsonplaceholder.typicode.com/posts/1,52,0,0
1765988824551,52,HTTP Request,200,OK,Thread Group 1-7,text,true,,1515,137,15,15,https://jsonplaceholder.typicode.com/posts/1,50,0,0
1765988824553,51,HTTP Request,200,OK,Thread Group 1-11,text,true,,1515,137,15,15,https://jsonplaceholder.typicode.com/posts/1,51,0,0
1765988824552,52,HTTP Request,200,OK,Thread Group 1-4,text,true,,1515,137,15,15,https://jsonplaceholder.typicode.com/posts/1,52,0,0
1765988824551,56,HTTP Request,200,OK,Thread Group 1-10,text,true,,1515,137,15,15,https://jsonplaceholder.typicode.com/posts/1,56,0,0
1765988824487,149,HTTP Request,200,OK,Thread Group 1-14,text,true,,1515,137,15,15,https://jsonplaceholder.typicode.com/posts/1,149,0,101
1765988824591,47,HTTP Request,200,OK,Thread Group 1-12,text,true,,1515,137,15,15,https://jsonplaceholder.typicode.com/posts/1,47,0,0
1765988824591,48,HTTP Request,200,OK,Thread Group 1-1,text,true,,1515,137,15,15,https://jsonplaceholder.typicode.com/posts/1,48,0,0
1765988824600,51,HTTP Request,200,OK,Thread Group 1-2,text,true,,1515,137,13,13,https://jsonplaceholder.typicode.com/posts/1,51,0,0
1765988824600,52,HTTP Request,200,OK,Thread Group 1-9,text,true,,1515,137,13,13,https://jsonplaceholder.typicode.com/posts/1,51,0,0
1765988824600,52,HTTP Request,200,OK,Thread Group 1-6,text,true,,1515,137,13,13,https://jsonplaceholder.typicode.com/posts/1,52,0,0
1765988824600,52,HTTP Request,200,OK,Thread Group 1-3,text,true,,1515,137,13,13,https://jsonplaceholder.typicode.com/posts/1,52,0,0
1765988824596,56,HTTP Request,200,OK,Thread Group 1-8,text,true,,1515,137,13,13,https://jsonplaceholder.typicode.com/posts/1,55,0,0
1765988824596,56,HTTP Request,200,OK,Thread Group 1-5,text,true,,1515,137,13,13,https://jsonplaceholder.typicode.com/posts/1,55,0,0
1765988824595,57,HTTP Request,200,OK,Thread Group 1-13,text,true,,1515,137,13,13,https://jsonplaceholder.typicode.com/posts/1,56,0,0
1765988824604,56,HTTP Request,200,OK,Thread Group 1-7,text,true,,1515,137,7,7,https://jsonplaceholder.typicode.com/posts/1,56,0,0
1765988824606,54,HTTP Request,200,OK,Thread Group 1-11,text,true,,1515,137,7,7,https://jsonplaceholder.typicode.com/posts/1,54,0,0
1765988824606,54,HTTP Request,200,OK,Thread Group 1-4,text,true,,1515,137,7,7,https://jsonplaceholder.typicode.com/posts/1,54,0,0
1765988824609,55,HTTP Request,200,OK,Thread Group 1-10,text,true,,1515,137,6,6,https://jsonplaceholder.typicode.com/posts/1,55,0,0
1765988824637,51,HTTP Request,200,OK,Thread Group 1-14,text,true,,1515,137,5,5,https://jsonplaceholder.typicode.com/posts/1,51,0,0
1765988824661,50,HTTP Request,200,OK,Thread Group 1-11,text,true,,1515,137,5,5,https://jsonplaceholder.typicode.com/posts/1,50,0,0
1765988824654,57,HTTP Request,200,OK,Thread Group 1-13,text,true,,1515,137,5,5,https://jsonplaceholder.typicode.com/posts/1,57,0,0
1765988824587,151,HTTP Request,200,OK,Thread Group 1-15,text,true,,1515,137,4,4,https://jsonplaceholder.typicode.com/posts/1,151,0,96
1765988824689,53,HTTP Request,200,OK,Thread Group 1-14,text,true,,1515,137,4,4,https://jsonplaceholder.typicode.com/posts/1,53,0,0
1765988824712,55,HTTP Request,200,OK,Thread Group 1-13,text,true,,1515,137,4,4,https://jsonplaceholder.typicode.com/posts/1,55,0,0
1765988824739,64,HTTP Request,200,OK,Thread Group 1-15,text,true,,1515,137,4,4,https://jsonplaceholder.typicode.com/posts/1,64,0,0
1765988824743,60,HTTP Request,200,OK,Thread Group 1-14,text,true,,1515,137,4,4,https://jsonplaceholder.typicode.com/posts/1,60,0,0
1765988824805,53,HTTP Request,200,OK,Thread Group 1-14,text,true,,1515,137,4,4,https://jsonplaceholder.typicode.com/posts/1,53,0,0
1765988824804,61,HTTP Request,200,OK,Thread Group 1-15,text,true,,1515,137,3,3,https://jsonplaceholder.typicode.com/posts/1,60,0,0
1765988824686,180,HTTP Request,200,OK,Thread Group 1-16,text,true,,1515,137,3,3,https://jsonplaceholder.typicode.com/posts/1,180,0,125
1765988824865,48,HTTP Request,200,OK,Thread Group 1-15,text,true,,1515,137,4,4,https://jsonplaceholder.typicode.com/posts/1,48,0,0
1765988824867,60,HTTP Request,200,OK,Thread Group 1-16,text,true,,1515,137,4,4,https://jsonplaceholder.typicode.com/posts/1,60,0,0
1765988824786,174,HTTP Request,200,OK,Thread Group 1-17,text,true,,1516,137,4,4,https://jsonplaceholder.typicode.com/posts/1,174,0,115
1765988824914,49,HTTP Request,200,OK,Thread Group 1-15,text,true,,1515,137,4,4,https://jsonplaceholder.typicode.com/posts/1,49,0,0
1765988824928,48,HTTP Request,200,OK,Thread Group 1-16,text,true,,1515,137,3,3,https://jsonplaceholder.typicode.com/posts/1,48,0,0
1765988824961,57,HTTP Request,200,OK,Thread Group 1-17,text,true,,1515,137,4,4,https://jsonplaceholder.typicode.com/posts/1,57,0,0
1765988824977,47,HTTP Request,200,OK,Thread Group 1-16,text,true,,1515,137,4,4,https://jsonplaceholder.typicode.com/posts/1,47,0,0
1765988824886,146,HTTP Request,200,OK,Thread Group 1-18,text,true,,1515,137,4,4,https://jsonplaceholder.typicode.com/posts/1,146,0,96
1765988825019,51,HTTP Request,200,OK,Thread Group 1-17,text,true,,1515,137,4,4,https://jsonplaceholder.typicode.com/posts/1,51,0,0
1765988825024,46,HTTP Request,200,OK,Thread Group 1-16,text,true,,1515,137,4,4,https://jsonplaceholder.typicode.com/posts/1,46,0,0
1765988825033,62,HTTP Request,200,OK,Thread Group 1-18,text,true,,1515,137,4,4,https://jsonplaceholder.typicode.com/posts/1,61,0,0
1765988825071,59,HTTP Request,200,OK,Thread Group 1-17,text,true,,1515,137,4,4,https://jsonplaceholder.typicode.com/posts/1,58,0,0
1765988824985,158,HTTP Request,200,OK,Thread Group 1-19,text,true,,1515,137,4,4,https://jsonplaceholder.typicode.com/posts/1,158,0,96
1765988825096,62,HTTP Request,200,OK,Thread Group 1-18,text,true,,1515,137,4,4,https://jsonplaceholder.typicode.com/posts/1,62,0,0
1765988825130,52,HTTP Request,200,OK,Thread Group 1-17,text,true,,1515,137,4,4,https://jsonplaceholder.typicode.com/posts/1,51,0,0
1765988825144,49,HTTP Request,200,OK,Thread Group 1-19,text,true,,1515,137,4,4,https://jsonplaceholder.typicode.com/posts/1,48,0,0
1765988825159,49,HTTP Request,200,OK,Thread Group 1-18,text,true,,1515,137,4,4,https://jsonplaceholder.typicode.com/posts/1,49,0,0
1765988825086,149,HTTP Request,200,OK,Thread Group 1-20,text,true,,1515,137,4,4,https://jsonplaceholder.typicode.com/posts/1,149,0,98
1765988825194,51,HTTP Request,200,OK,Thread Group 1-19,text,true,,1515,137,4,4,https://jsonplaceholder.typicode.com/posts/1,51,0,0
1765988825209,49,HTTP Request,200,OK,Thread Group 1-18,text,true,,1515,137,4,4,https://jsonplaceholder.typicode.com/posts/1,49,0,0
1765988825236,52,HTTP Request,200,OK,Thread Group 1-20,text,true,,1515,137,4,4,https://jsonplaceholder.typicode.com/posts/1,52,0,0
1765988825245,50,HTTP Request,200,OK,Thread Group 1-19,text,true,,1515,137,4,4,https://jsonplaceholder.typicode.com/posts/1,49,0,0
1765988825289,46,HTTP Request,200,OK,Thread Group 1-20,text,true,,1515,137,4,4,https://jsonplaceholder.typicode.com/posts/1,46,0,0
1765988825187,149,HTTP Request,200,OK,Thread Group 1-21,text,true,,1515,137,4,4,https://jsonplaceholder.typicode.com/posts/1,149,0,100
1765988825296,46,HTTP Request,200,OK,Thread Group 1-19,text,true,,1515,137,4,4,https://jsonplaceholder.typicode.com/posts/1,46,0,0
1765988825336,48,HTTP Request,200,OK,Thread Group 1-21,text,true,,1515,137,3,3,https://jsonplaceholder.typicode.com/posts/1,48,0,0
1765988825336,50,HTTP Request,200,OK,Thread Group 1-20,text,true,,1515,137,4,4,https://jsonplaceholder.typicode.com/posts/1,50,0,0
1765988825385,46,HTTP Request,200,OK,Thread Group 1-21,text,true,,1515,137,4,4,https://jsonplaceholder.typicode.com/posts/1,46,0,0
1765988825387,49,HTTP Request,200,OK,Thread Group 1-20,text,true,,1515,137,4,4,https://jsonplaceholder.typicode.com/posts/1,49,0,0
1765988825286,152,HTTP Request,200,OK,Thread Group 1-22,text,true,,1515,137,4,4,https://jsonplaceholder.typicode.com/posts/1,152,0,100
1765988825432,46,HTTP Request,200,OK,Thread Group 1-21,text,true,,1515,137,3,3,https://jsonplaceholder.typicode.com/posts/1,46,0,0
1765988825439,51,HTTP Request,200,OK,Thread Group 1-22,text,true,,1515,137,4,4,https://jsonplaceholder.typicode.com/posts/1,51,0,0
1765988825479,47,HTTP Request,200,OK,Thread Group 1-21,text,true,,1515,137,4,4,https://jsonplaceholder.typicode.com/posts/1,47,0,0
1765988825491,47,HTTP Request,200,OK,Thread Group 1-22,text,true,,1515,137,3,3,https://jsonplaceholder.typicode.com/posts/1,47,0,0
1765988825387,152,HTTP Request,200,OK,Thread Group 1-23,text,true,,1515,137,3,3,https://jsonplaceholder.typicode.com/posts/1,152,0,103
1765988825539,49,HTTP Request,200,OK,Thread Group 1-23,text,true,,1515,137,4,4,https://jsonplaceholder.typicode.com/posts/1,49,0,0
1765988825539,51,HTTP Request,200,OK,Thread Group 1-22,text,true,,1515,137,4,4,https://jsonplaceholder.typicode.com/posts/1,51,0,0
1765988825485,144,HTTP Request,200,OK,Thread Group 1-24,text,true,,1515,137,4,4,https://jsonplaceholder.typicode.com/posts/1,143,0,96
1765988825589,46,HTTP Request,200,OK,Thread Group 1-23,text,true,,1515,137,4,4,https://jsonplaceholder.typicode.com/posts/1,46,0,0
1765988825591,46,HTTP Request,200,OK,Thread Group 1-22,text,true,,1515,137,4,4,https://jsonplaceholder.typicode.com/posts/1,46,0,0
1765988825630,51,HTTP Request,200,OK,Thread Group 1-24,text,true,,1515,137,3,3,https://jsonplaceholder.typicode.com/posts/1,51,0,0
1765988825636,48,HTTP Request,200,OK,Thread Group 1-23,text,true,,1515,137,3,3,https://jsonplaceholder.typicode.com/posts/1,48,0,0
1765988825682,47,HTTP Request,200,OK,Thread Group 1-24,text,true,,1515,137,4,4,https://jsonplaceholder.typicode.com/posts/1,47,0,0
1765988825585,145,HTTP Request,200,OK,Thread Group 1-25,text,true,,1515,137,4,4,https://jsonplaceholder.typicode.com/posts/1,144,0,97
1765988825685,47,HTTP Request,200,OK,Thread Group 1-23,text,true,,1515,137,4,4,https://jsonplaceholder.typicode.com/posts/1,47,0,0
1765988825730,46,HTTP Request,200,OK,Thread Group 1-25,text,true,,1515,137,3,3,https://jsonplaceholder.typicode.com/posts/1,45,0,0
1765988825730,48,HTTP Request,200,OK,Thread Group 1-24,text,true,,1515,137,3,3,https://jsonplaceholder.typicode.com/posts/1,47,0,0
1765988825777,47,HTTP Request,200,OK,Thread Group 1-25,text,true,,1515,137,4,4,https://jsonplaceholder.typicode.com/posts/1,47,0,0
1765988825778,46,HTTP Request,200,OK,Thread Group 1-24,text,true,,1515,137,4,4,https://jsonplaceholder.typicode.com/posts/1,46,0,0
1765988825688,149,HTTP Request,200,OK,Thread Group 1-26,text,true,,1515,137,3,3,https://jsonplaceholder.typicode.com/posts/1,148,0,100
1765988825825,47,HTTP Request,200,OK,Thread Group 1-25,text,true,,1515,137,3,3,https://jsonplaceholder.typicode.com/posts/1,47,0,0
1765988825837,49,HTTP Request,200,OK,Thread Group 1-26,text,true,,1515,137,4,4,https://jsonplaceholder.typicode.com/posts/1,49,0,0
1765988825874,49,HTTP Request,200,OK,Thread Group 1-25,text,true,,1515,137,4,4,https://jsonplaceholder.typicode.com/posts/1,49,0,0
1765988825785,152,HTTP Request,200,OK,Thread Group 1-27,text,true,,1515,137,3,3,https://jsonplaceholder.typicode.com/posts/1,151,0,96
1765988825938,52,HTTP Request,200,OK,Thread Group 1-27,text,true,,1515,137,4,4,https://jsonplaceholder.typicode.com/posts/1,52,0,0
1765988825992,48,HTTP Request,200,OK,Thread Group 1-27,text,true,,1515,137,4,4,https://jsonplaceholder.typicode.com/posts/1,48,0,0
1765988826041,46,HTTP Request,200,OK,Thread Group 1-27,text,true,,1515,137,5,5,https://jsonplaceholder.typicode.com/posts/1,46,0,0
1765988825887,206,HTTP Request,200,OK,Thread Group 1-28,text,true,,1515,137,5,5,https://jsonplaceholder.typicode.com/posts/1,206,0,103
1765988826089,47,HTTP Request,200,OK,Thread Group 1-27,text,true,,1515,137,5,5,https://jsonplaceholder.typicode.com/posts/1,47,0,0
1765988826094,46,HTTP Request,200,OK,Thread Group 1-28,text,true,,1515,137,4,4,https://jsonplaceholder.typicode.com/posts/1,46,0,0
1765988825987,154,HTTP Request,200,OK,Thread Group 1-29,text,true,,1515,137,4,4,https://jsonplaceholder.typicode.com/posts/1,153,0,104
1765988826141,46,HTTP Request,200,OK,Thread Group 1-29,text,true,,1515,137,5,5,https://jsonplaceholder.typicode.com/posts/1,46,0,0
1765988826141,47,HTTP Request,200,OK,Thread Group 1-28,text,true,,1515,137,5,5,https://jsonplaceholder.typicode.com/posts/1,47,0,0
1765988825889,348,HTTP Request,200,OK,Thread Group 1-26,text,true,,1515,137,5,5,https://jsonplaceholder.typicode.com/posts/1,52,0,0
1765988826087,150,HTTP Request,200,OK,Thread Group 1-30,text,true,,1515,137,5,5,https://jsonplaceholder.typicode.com/posts/1,150,0,97
1765988826188,49,HTTP Request,200,OK,Thread Group 1-28,text,true,,1515,137,5,5,https://jsonplaceholder.typicode.com/posts/1,49,0,0
1765988826188,49,HTTP Request,200,OK,Thread Group 1-29,text,true,,1515,137,5,5,https://jsonplaceholder.typicode.com/posts/1,49,0,0
1765988826238,51,HTTP Request,200,OK,Thread Group 1-29,text,true,,1515,137,6,6,https://jsonplaceholder.typicode.com/posts/1,51,0,0
1765988826238,51,HTTP Request,200,OK,Thread Group 1-30,text,true,,1515,137,6,6,https://jsonplaceholder.typicode.com/posts/1,51,0,0
1765988826238,51,HTTP Request,200,OK,Thread Group 1-28,text,true,,1515,137,6,6,https://jsonplaceholder.typicode.com/posts/1,51,0,0
1765988826238,51,HTTP Request,200,OK,Thread Group 1-26,text,true,,1515,137,6,6,https://jsonplaceholder.typicode.com/posts/1,51,0,0
1765988826290,51,HTTP Request,200,OK,Thread Group 1-30,text,true,,1515,137,5,5,https://jsonplaceholder.typicode.com/posts/1,51,0,0
1765988826290,51,HTTP Request,200,OK,Thread Group 1-29,text,true,,1515,137,5,5,https://jsonplaceholder.typicode.com/posts/1,51,0,0
1765988826187,155,HTTP Request,200,OK,Thread Group 1-31,text,true,,1515,137,5,5,https://jsonplaceholder.typicode.com/posts/1,155,0,101
1765988826291,51,HTTP Request,200,OK,Thread Group 1-26,text,true,,1515,137,5,5,https://jsonplaceholder.typicode.com/posts/1,50,0,0
1765988826342,53,HTTP Request,200,OK,Thread Group 1-31,text,true,,1515,137,4,4,https://jsonplaceholder.typicode.com/posts/1,53,0,0
1765988826342,54,HTTP Request,200,OK,Thread Group 1-30,text,true,,1515,137,4,4,https://jsonplaceholder.typicode.com/posts/1,53,0,0
1765988826397,52,HTTP Request,200,OK,Thread Group 1-30,text,true,,1515,137,4,4,https://jsonplaceholder.typicode.com/posts/1,52,0,0
1765988826285,169,HTTP Request,200,OK,Thread Group 1-32,text,true,,1515,137,3,3,https://jsonplaceholder.typicode.com/posts/1,169,0,117
1765988826396,58,HTTP Request,200,OK,Thread Group 1-31,text,true,,1515,137,3,3,https://jsonplaceholder.typicode.com/posts/1,58,0,0
1765988826466,46,HTTP Request,200,OK,Thread Group 1-32,text,true,,1515,137,4,4,https://jsonplaceholder.typicode.com/posts/1,46,0,0
1765988826466,47,HTTP Request,200,OK,Thread Group 1-31,text,true,,1515,137,4,4,https://jsonplaceholder.typicode.com/posts/1,47,0,0
1765988826387,159,HTTP Request,200,OK,Thread Group 1-33,text,true,,1515,137,4,4,https://jsonplaceholder.typicode.com/posts/1,159,0,105
1765988826513,48,HTTP Request,200,OK,Thread Group 1-31,text,true,,1515,137,4,4,https://jsonplaceholder.typicode.com/posts/1,48,0,0
1765988826513,49,HTTP Request,200,OK,Thread Group 1-32,text,true,,1515,137,4,4,https://jsonplaceholder.typicode.com/posts/1,49,0,0
1765988826547,48,HTTP Request,200,OK,Thread Group 1-33,text,true,,1515,137,4,4,https://jsonplaceholder.typicode.com/posts/1,48,0,0
1765988826562,51,HTTP Request,200,OK,Thread Group 1-32,text,true,,1515,137,4,4,https://jsonplaceholder.typicode.com/posts/1,50,0,0
1765988826487,164,HTTP Request,200,OK,Thread Group 1-34,text,true,,1516,137,4,4,https://jsonplaceholder.typicode.com/posts/1,164,0,103
1765988826596,58,HTTP Request,200,OK,Thread Group 1-33,text,true,,1515,137,4,4,https://jsonplaceholder.typicode.com/posts/1,58,0,0
1765988826613,61,HTTP Request,200,OK,Thread Group 1-32,text,true,,1515,137,4,4,https://jsonplaceholder.typicode.com/posts/1,61,0,0
1765988826651,50,HTTP Request,200,OK,Thread Group 1-34,text,true,,1515,137,4,4,https://jsonplaceholder.typicode.com/posts/1,50,0,0
1765988826654,47,HTTP Request,200,OK,Thread Group 1-33,text,true,,1515,137,4,4,https://jsonplaceholder.typicode.com/posts/1,47,0,0
1765988826586,151,HTTP Request,200,OK,Thread Group 1-35,text,true,,1515,137,4,4,https://jsonplaceholder.typicode.com/posts/1,151,0,102
1765988826702,47,HTTP Request,200,OK,Thread Group 1-33,text,true,,1515,137,4,4,https://jsonplaceholder.typicode.com/posts/1,47,0,0
1765988826701,48,HTTP Request,200,OK,Thread Group 1-34,text,true,,1515,137,4,4,https://jsonplaceholder.typicode.com/posts/1,48,0,0
1765988826738,48,HTTP Request,200,OK,Thread Group 1-35,text,true,,1515,137,4,4,https://jsonplaceholder.typicode.com/posts/1,47,0,0
1765988826749,48,HTTP Request,200,OK,Thread Group 1-34,text,true,,1515,137,4,4,https://jsonplaceholder.typicode.com/posts/1,48,0,0
1765988826684,142,HTTP Request,200,OK,Thread Group 1-36,text,true,,1515,137,4,4,https://jsonplaceholder.typicode.com/posts/1,142,0,94
1765988826786,49,HTTP Request,200,OK,Thread Group 1-35,text,true,,1515,137,4,4,https://jsonplaceholder.typicode.com/posts/1,49,0,0
1765988826798,48,HTTP Request,200,OK,Thread Group 1-34,text,true,,1515,137,4,4,https://jsonplaceholder.typicode.com/posts/1,48,0,0
1765988826826,49,HTTP Request,200,OK,Thread Group 1-36,text,true,,1515,137,3,3,https://jsonplaceholder.typicode.com/posts/1,49,0,0
1765988826835,51,HTTP Request,200,OK,Thread Group 1-35,text,true,,1515,137,4,4,https://jsonplaceholder.typicode.com/posts/1,51,0,0
1765988826875,47,HTTP Request,200,OK,Thread Group 1-36,text,true,,1515,137,4,4,https://jsonplaceholder.typicode.com/posts/1,47,0,0
1765988826785,144,HTTP Request,200,OK,Thread Group 1-37,text,true,,1515,137,4,4,https://jsonplaceholder.typicode.com/posts/1,144,0,95
1765988826887,47,HTTP Request,200,OK,Thread Group 1-35,text,true,,1515,137,4,4,https://jsonplaceholder.typicode.com/posts/1,47,0,0
1765988826930,47,HTTP Request,200,OK,Thread Group 1-37,text,true,,1515,137,3,3,https://jsonplaceholder.typicode.com/posts/1,47,0,0
1765988826978,48,HTTP Request,200,OK,Thread Group 1-37,text,true,,1515,137,4,4,https://jsonplaceholder.typicode.com/posts/1,48,0,0
1765988826922,104,HTTP Request,200,OK,Thread Group 1-36,text,true,,1515,137,4,4,https://jsonplaceholder.typicode.com/posts/1,104,0,0
1765988826885,142,HTTP Request,200,OK,Thread Group 1-38,text,true,,1515,137,4,4,https://jsonplaceholder.typicode.com/posts/1,142,0,94
1765988827026,48,HTTP Request,200,OK,Thread Group 1-37,text,true,,1515,137,4,4,https://jsonplaceholder.typicode.com/posts/1,48,0,0
1765988827027,47,HTTP Request,200,OK,Thread Group 1-38,text,true,,1515,137,4,4,https://jsonplaceholder.typicode.com/posts/1,47,0,0
1765988827027,48,HTTP Request,200,OK,Thread Group 1-36,text,true,,1515,137,4,4,https://jsonplaceholder.typicode.com/posts/1,48,0,0
1765988827075,47,HTTP Request,200,OK,Thread Group 1-38,text,true,,1515,137,4,4,https://jsonplaceholder.typicode.com/posts/1,47,0,0
1765988827075,48,HTTP Request,200,OK,Thread Group 1-37,text,true,,1515,137,4,4,https://jsonplaceholder.typicode.com/posts/1,48,0,0
1765988826985,145,HTTP Request,200,OK,Thread Group 1-39,text,true,,1515,137,3,3,https://jsonplaceholder.typicode.com/posts/1,145,0,98
1765988827123,50,HTTP Request,200,OK,Thread Group 1-38,text,true,,1515,137,3,3,https://jsonplaceholder.typicode.com/posts/1,50,0,0
1765988827130,45,HTTP Request,200,OK,Thread Group 1-39,text,true,,1515,137,3,3,https://jsonplaceholder.typicode.com/posts/1,45,0,0
1765988827174,47,HTTP Request,200,OK,Thread Group 1-38,text,true,,1515,137,4,4,https://jsonplaceholder.typicode.com/posts/1,47,0,0
1765988827176,45,HTTP Request,200,OK,Thread Group 1-39,text,true,,1515,137,4,4,https://jsonplaceholder.typicode.com/posts/1,45,0,0
1765988827085,145,HTTP Request,200,OK,Thread Group 1-40,text,true,,1515,137,3,3,https://jsonplaceholder.typicode.com/posts/1,145,0,97
1765988827222,48,HTTP Request,200,OK,Thread Group 1-39,text,true,,1515,137,3,3,https://jsonplaceholder.typicode.com/posts/1,48,0,0
1765988827231,50,HTTP Request,200,OK,Thread Group 1-40,text,true,,1515,137,3,3,https://jsonplaceholder.typicode.com/posts/1,49,0,0
1765988827271,48,HTTP Request,200,OK,Thread Group 1-39,text,true,,1515,137,4,4,https://jsonplaceholder.typicode.com/posts/1,48,0,0
1765988827281,46,HTTP Request,200,OK,Thread Group 1-40,text,true,,1515,137,3,3,https://jsonplaceholder.typicode.com/posts/1,46,0,0
1765988827185,147,HTTP Request,200,OK,Thread Group 1-41,text,true,,1515,137,3,3,https://jsonplaceholder.typicode.com/posts/1,146,0,98
1765988827328,47,HTTP Request,200,OK,Thread Group 1-40,text,true,,1515,137,3,3,https://jsonplaceholder.typicode.com/posts/1,47,0,0
1765988827333,47,HTTP Request,200,OK,Thread Group 1-41,text,true,,1515,137,3,3,https://jsonplaceholder.typicode.com/posts/1,47,0,0
1765988827376,46,HTTP Request,200,OK,Thread Group 1-40,text,true,,1515,137,4,4,https://jsonplaceholder.typicode.com/posts/1,46,0,0
1765988827380,50,HTTP Request,200,OK,Thread Group 1-41,text,true,,1515,137,3,3,https://jsonplaceholder.typicode.com/posts/1,49,0,0
1765988827285,145,HTTP Request,200,OK,Thread Group 1-42,text,true,,1515,137,3,3,https://jsonplaceholder.typicode.com/posts/1,145,0,95
1765988827431,47,HTTP Request,200,OK,Thread Group 1-42,text,true,,1515,137,3,3,https://jsonplaceholder.typicode.com/posts/1,47,0,0
1765988827430,51,HTTP Request,200,OK,Thread Group 1-41,text,true,,1515,137,3,3,https://jsonplaceholder.typicode.com/posts/1,51,0,0
1765988827479,55,HTTP Request,200,OK,Thread Group 1-42,text,true,,1515,137,4,4,https://jsonplaceholder.typicode.com/posts/1,54,0,0
1765988827481,53,HTTP Request,200,OK,Thread Group 1-41,text,true,,1515,137,4,4,https://jsonplaceholder.typicode.com/posts/1,53,0,0
1765988827384,150,HTTP Request,200,OK,Thread Group 1-43,text,true,,1515,137,4,4,https://jsonplaceholder.typicode.com/posts/1,150,0,101
1765988827535,58,HTTP Request,200,OK,Thread Group 1-43,text,true,,1515,137,4,4,https://jsonplaceholder.typicode.com/posts/1,58,0,0
1765988827535,59,HTTP Request,200,OK,Thread Group 1-42,text,true,,1515,137,4,4,https://jsonplaceholder.typicode.com/posts/1,59,0,0
1765988827594,47,HTTP Request,200,OK,Thread Group 1-43,text,true,,1515,137,4,4,https://jsonplaceholder.typicode.com/posts/1,47,0,0
1765988827594,48,HTTP Request,200,OK,Thread Group 1-42,text,true,,1515,137,4,4,https://jsonplaceholder.typicode.com/posts/1,48,0,0
1765988827485,162,HTTP Request,200,OK,Thread Group 1-44,text,true,,1515,137,3,3,https://jsonplaceholder.typicode.com/posts/1,162,0,104
1765988827642,52,HTTP Request,200,OK,Thread Group 1-43,text,true,,1515,137,4,4,https://jsonplaceholder.typicode.com/posts/1,52,0,0
1765988827648,49,HTTP Request,200,OK,Thread Group 1-44,text,true,,1515,137,4,4,https://jsonplaceholder.typicode.com/posts/1,49,0,0
1765988827695,46,HTTP Request,200,OK,Thread Group 1-43,text,true,,1515,137,4,4,https://jsonplaceholder.typicode.com/posts/1,45,0,0
1765988827585,156,HTTP Request,200,OK,Thread Group 1-45,text,true,,1515,137,4,4,https://jsonplaceholder.typicode.com/posts/1,156,0,108
1765988827697,57,HTTP Request,200,OK,Thread Group 1-44,text,true,,1515,137,3,3,https://jsonplaceholder.typicode.com/posts/1,57,0,0
1765988827742,55,HTTP Request,200,OK,Thread Group 1-45,text,true,,1515,137,4,4,https://jsonplaceholder.typicode.com/posts/1,55,0,0
1765988827755,46,HTTP Request,200,OK,Thread Group 1-44,text,true,,1515,137,4,4,https://jsonplaceholder.typicode.com/posts/1,46,0,0
1765988827684,155,HTTP Request,200,OK,Thread Group 1-46,text,true,,1515,137,4,4,https://jsonplaceholder.typicode.com/posts/1,155,0,107
1765988827798,48,HTTP Request,200,OK,Thread Group 1-45,text,true,,1515,137,4,4,https://jsonplaceholder.typicode.com/posts/1,48,0,0
1765988827802,46,HTTP Request,200,OK,Thread Group 1-44,text,true,,1515,137,4,4,https://jsonplaceholder.typicode.com/posts/1,46,0,0
1765988827840,51,HTTP Request,200,OK,Thread Group 1-46,text,true,,1515,137,4,4,https://jsonplaceholder.typicode.com/posts/1,51,0,0
1765988827846,49,HTTP Request,200,OK,Thread Group 1-45,text,true,,1515,137,4,4,https://jsonplaceholder.typicode.com/posts/1,49,0,0
1765988827891,48,HTTP Request,200,OK,Thread Group 1-46,text,true,,1515,137,4,4,https://jsonplaceholder.typicode.com/posts/1,48,0,0
1765988827896,46,HTTP Request,200,OK,Thread Group 1-45,text,true,,1515,137,4,4,https://jsonplaceholder.typicode.com/posts/1,46,0,0
1765988827785,157,HTTP Request,200,OK,Thread Group 1-47,text,true,,1515,137,4,4,https://jsonplaceholder.typicode.com/posts/1,157,0,107
1765988827940,47,HTTP Request,200,OK,Thread Group 1-46,text,true,,1515,137,4,4,https://jsonplaceholder.typicode.com/posts/1,47,0,0
1765988827943,47,HTTP Request,200,OK,Thread Group 1-47,text,true,,1515,137,4,4,https://jsonplaceholder.typicode.com/posts/1,47,0,0
1765988827886,149,HTTP Request,200,OK,Thread Group 1-48,text,true,,1515,137,4,4,https://jsonplaceholder.typicode.com/posts/1,149,0,96
1765988827996,49,HTTP Request,200,OK,Thread Group 1-47,text,true,,1515,137,4,4,https://jsonplaceholder.typicode.com/posts/1,49,0,0
1765988827996,50,HTTP Request,200,OK,Thread Group 1-46,text,true,,1515,137,4,4,https://jsonplaceholder.typicode.com/posts/1,49,0,0
1765988828036,51,HTTP Request,200,OK,Thread Group 1-48,text,true,,1515,137,4,4,https://jsonplaceholder.typicode.com/posts/1,51,0,0
1765988828046,51,HTTP Request,200,OK,Thread Group 1-47,text,true,,1515,137,4,4,https://jsonplaceholder.typicode.com/posts/1,51,0,0
1765988827985,146,HTTP Request,200,OK,Thread Group 1-49,text,true,,1515,137,4,4,https://jsonplaceholder.typicode.com/posts/1,146,0,97
1765988828088,46,HTTP Request,200,OK,Thread Group 1-48,text,true,,1515,137,4,4,https://jsonplaceholder.typicode.com/posts/1,46,0,0
1765988828097,47,HTTP Request,200,OK,Thread Group 1-47,text,true,,1515,137,4,4,https://jsonplaceholder.typicode.com/posts/1,47,0,0
1765988828131,47,HTTP Request,200,OK,Thread Group 1-49,text,true,,1515,137,3,3,https://jsonplaceholder.typicode.com/posts/1,47,0,0
1765988828135,47,HTTP Request,200,OK,Thread Group 1-48,text,true,,1515,137,3,3,https://jsonplaceholder.typicode.com/posts/1,47,0,0
1765988828178,52,HTTP Request,200,OK,Thread Group 1-49,text,true,,1515,137,4,4,https://jsonplaceholder.typicode.com/posts/1,51,0,0
1765988828183,47,HTTP Request,200,OK,Thread Group 1-48,text,true,,1515,137,4,4,https://jsonplaceholder.typicode.com/posts/1,47,0,0
1765988828085,145,HTTP Request,200,OK,Thread Group 1-50,text,true,,1515,137,4,4,https://jsonplaceholder.typicode.com/posts/1,145,0,94
1765988828231,46,HTTP Request,200,OK,Thread Group 1-50,text,true,,1515,137,3,3,https://jsonplaceholder.typicode.com/posts/1,46,0,0
1765988828230,49,HTTP Request,200,OK,Thread Group 1-49,text,true,,1515,137,3,3,https://jsonplaceholder.typicode.com/posts/1,49,0,0
1765988828277,48,HTTP Request,200,OK,Thread Group 1-50,text,true,,1515,137,4,4,https://jsonplaceholder.typicode.com/posts/1,48,0,0
1765988828279,47,HTTP Request,200,OK,Thread Group 1-49,text,true,,1515,137,4,4,https://jsonplaceholder.typicode.com/posts/1,47,0,0
1765988828185,149,HTTP Request,200,OK,Thread Group 1-51,text,true,,1515,137,3,3,https://jsonplaceholder.typicode.com/posts/1,149,0,100
1765988828325,47,HTTP Request,200,OK,Thread Group 1-50,text,true,,1515,137,3,3,https://jsonplaceholder.typicode.com/posts/1,47,0,0
1765988828335,52,HTTP Request,200,OK,Thread Group 1-51,text,true,,1515,137,4,4,https://jsonplaceholder.typicode.com/posts/1,52,0,0
1765988828372,48,HTTP Request,200,OK,Thread Group 1-50,text,true,,1515,137,4,4,https://jsonplaceholder.typicode.com/posts/1,48,0,0
1765988828286,148,HTTP Request,200,OK,Thread Group 1-52,text,true,,1515,137,3,3,https://jsonplaceholder.typicode.com/posts/1,148,0,99
1765988828388,47,HTTP Request,200,OK,Thread Group 1-51,text,true,,1515,137,3,3,https://jsonplaceholder.typicode.com/posts/1,47,0,0
1765988828436,53,HTTP Request,200,OK,Thread Group 1-52,text,true,,1515,137,4,4,https://jsonplaceholder.typicode.com/posts/1,53,0,0
1765988828436,58,HTTP Request,200,OK,Thread Group 1-51,text,true,,1515,137,4,4,https://jsonplaceholder.typicode.com/posts/1,57,0,0
1765988828386,153,HTTP Request,200,OK,Thread Group 1-53,text,true,,1515,137,4,4,https://jsonplaceholder.typicode.com/posts/1,153,0,96
1765988828490,54,HTTP Request,200,OK,Thread Group 1-52,text,true,,1515,137,4,4,https://jsonplaceholder.typicode.com/posts/1,54,0,0
1765988828495,59,HTTP Request,200,OK,Thread Group 1-51,text,true,,1515,137,4,4,https://jsonplaceholder.typicode.com/posts/1,59,0,0
1765988828542,63,HTTP Request,200,OK,Thread Group 1-53,text,true,,1515,137,4,4,https://jsonplaceholder.typicode.com/posts/1,62,0,0
1765988828545,60,HTTP Request,200,OK,Thread Group 1-52,text,true,,1515,137,4,4,https://jsonplaceholder.typicode.com/posts/1,60,0,0
1765988828489,164,HTTP Request,200,OK,Thread Group 1-54,text,true,,1515,137,4,4,https://jsonplaceholder.typicode.com/posts/1,163,0,105
1765988828605,49,HTTP Request,200,OK,Thread Group 1-52,text,true,,1515,137,4,4,https://jsonplaceholder.typicode.com/posts/1,49,0,0
1765988828605,54,HTTP Request,200,OK,Thread Group 1-53,text,true,,1515,137,3,3,https://jsonplaceholder.typicode.com/posts/1,54,0,0
1765988828653,47,HTTP Request,200,OK,Thread Group 1-54,text,true,,1515,137,4,4,https://jsonplaceholder.typicode.com/posts/1,47,0,0
1765988828659,48,HTTP Request,200,OK,Thread Group 1-53,text,true,,1515,137,4,4,https://jsonplaceholder.typicode.com/posts/1,48,0,0
1765988828585,144,HTTP Request,200,OK,Thread Group 1-55,text,true,,1515,137,4,4,https://jsonplaceholder.typicode.com/posts/1,144,0,96
1765988828700,47,HTTP Request,200,OK,Thread Group 1-54,text,true,,1515,137,4,4,https://jsonplaceholder.typicode.com/posts/1,47,0,0
1765988828707,53,HTTP Request,200,OK,Thread Group 1-53,text,true,,1515,137,4,4,https://jsonplaceholder.typicode.com/posts/1,53,0,0
1765988828729,48,HTTP Request,200,OK,Thread Group 1-55,text,true,,1515,137,3,3,https://jsonplaceholder.typicode.com/posts/1,48,0,0
1765988828747,50,HTTP Request,200,OK,Thread Group 1-54,text,true,,1515,137,4,4,https://jsonplaceholder.typicode.com/posts/1,50,0,0
1765988828777,48,HTTP Request,200,OK,Thread Group 1-55,text,true,,1515,137,4,4,https://jsonplaceholder.typicode.com/posts/1,48,0,0
1765988828684,155,HTTP Request,200,OK,Thread Group 1-56,text,true,,1515,137,4,4,https://jsonplaceholder.typicode.com/posts/1,155,0,94
1765988828797,53,HTTP Request,200,OK,Thread Group 1-54,text,true,,1515,137,4,4,https://jsonplaceholder.typicode.com/posts/1,53,0,0
1765988828825,48,HTTP Request,200,OK,Thread Group 1-55,text,true,,1515,137,3,3,https://jsonplaceholder.typicode.com/posts/1,48,0,0
1765988828840,51,HTTP Request,200,OK,Thread Group 1-56,text,true,,1515,137,4,4,https://jsonplaceholder.typicode.com/posts/1,51,0,0
1765988828873,48,HTTP Request,200,OK,Thread Group 1-55,text,true,,1515,137,4,4,https://jsonplaceholder.typicode.com/posts/1,48,0,0
1765988828786,151,HTTP Request,200,OK,Thread Group 1-57,text,true,,1515,137,3,3,https://jsonplaceholder.typicode.com/posts/1,151,0,98
1765988828892,49,HTTP Request,200,OK,Thread Group 1-56,text,true,,1515,137,3,3,https://jsonplaceholder.typicode.com/posts/1,49,0,0
1765988828937,48,HTTP Request,200,OK,Thread Group 1-57,text,true,,1515,137,3,3,https://jsonplaceholder.typicode.com/posts/1,48,0,0
1765988828941,48,HTTP Request,200,OK,Thread Group 1-56,text,true,,1515,137,4,4,https://jsonplaceholder.typicode.com/posts/1,48,0,0
1765988828886,142,HTTP Request,200,OK,Thread Group 1-58,text,true,,1515,137,4,4,https://jsonplaceholder.typicode.com/posts/1,141,0,93
1765988828985,47,HTTP Request,200,OK,Thread Group 1-57,text,true,,1515,137,4,4,https://jsonplaceholder.typicode.com/posts/1,47,0,0
1765988828990,46,HTTP Request,200,OK,Thread Group 1-56,text,true,,1515,137,4,4,https://jsonplaceholder.typicode.com/posts/1,46,0,0
1765988829028,47,HTTP Request,200,OK,Thread Group 1-58,text,true,,1515,137,3,3,https://jsonplaceholder.typicode.com/posts/1,47,0,0
1765988829033,46,HTTP Request,200,OK,Thread Group 1-57,text,true,,1515,137,3,3,https://jsonplaceholder.typicode.com/posts/1,46,0,0
1765988829076,48,HTTP Request,200,OK,Thread Group 1-58,text,true,,1515,137,4,4,https://jsonplaceholder.typicode.com/posts/1,48,0,0
1765988828986,138,HTTP Request,200,OK,Thread Group 1-59,text,true,,1515,137,4,4,https://jsonplaceholder.typicode.com/posts/1,138,0,91
1765988829079,47,HTTP Request,200,OK,Thread Group 1-57,text,true,,1515,137,4,4,https://jsonplaceholder.typicode.com/posts/1,47,0,0
1765988829124,47,HTTP Request,200,OK,Thread Group 1-58,text,true,,1515,137,3,3,https://jsonplaceholder.typicode.com/posts/1,47,0,0
1765988829125,46,HTTP Request,200,OK,Thread Group 1-59,text,true,,1515,137,3,3,https://jsonplaceholder.typicode.com/posts/1,46,0,0
1765988829172,46,HTTP Request,200,OK,Thread Group 1-59,text,true,,1515,137,4,4,https://jsonplaceholder.typicode.com/posts/1,46,0,0
1765988829172,46,HTTP Request,200,OK,Thread Group 1-58,text,true,,1515,137,4,4,https://jsonplaceholder.typicode.com/posts/1,46,0,0
1765988829084,142,HTTP Request,200,OK,Thread Group 1-60,text,true,,1515,137,3,3,https://jsonplaceholder.typicode.com/posts/1,142,0,93
1765988829218,48,HTTP Request,200,OK,Thread Group 1-59,text,true,,1515,137,3,3,https://jsonplaceholder.typicode.com/posts/1,48,0,0
1765988829226,46,HTTP Request,200,OK,Thread Group 1-60,text,true,,1515,137,3,3,https://jsonplaceholder.typicode.com/posts/1,46,0,0
1765988829266,49,HTTP Request,200,OK,Thread Group 1-59,text,true,,1515,137,4,4,https://jsonplaceholder.typicode.com/posts/1,49,0,0
1765988829272,46,HTTP Request,200,OK,Thread Group 1-60,text,true,,1515,137,3,3,https://jsonplaceholder.typicode.com/posts/1,46,0,0
1765988829185,141,HTTP Request,200,OK,Thread Group 1-61,text,true,,1515,137,3,3,https://jsonplaceholder.typicode.com/posts/1,141,0,92
1765988829318,47,HTTP Request,200,OK,Thread Group 1-60,text,true,,1515,137,3,3,https://jsonplaceholder.typicode.com/posts/1,47,0,0
1765988829327,50,HTTP Request,200,OK,Thread Group 1-61,text,true,,1515,137,3,3,https://jsonplaceholder.typicode.com/posts/1,50,0,0
1765988829365,47,HTTP Request,200,OK,Thread Group 1-60,text,true,,1515,137,4,4,https://jsonplaceholder.typicode.com/posts/1,47,0,0
1765988829377,47,HTTP Request,200,OK,Thread Group 1-61,text,true,,1515,137,3,3,https://jsonplaceholder.typicode.com/posts/1,47,0,0
1765988829285,140,HTTP Request,200,OK,Thread Group 1-62,text,true,,1515,137,3,3,https://jsonplaceholder.typicode.com/posts/1,140,0,92
1765988829425,48,HTTP Request,200,OK,Thread Group 1-62,text,true,,1515,137,3,3,https://jsonplaceholder.typicode.com/posts/1,48,0,0
1765988829425,48,HTTP Request,200,OK,Thread Group 1-61,text,true,,1515,137,3,3,https://jsonplaceholder.typicode.com/posts/1,48,0,0
1765988829473,48,HTTP Request,200,OK,Thread Group 1-62,text,true,,1515,137,4,4,https://jsonplaceholder.typicode.com/posts/1,48,0,0
1765988829473,48,HTTP Request,200,OK,Thread Group 1-61,text,true,,1515,137,4,4,https://jsonplaceholder.typicode.com/posts/1,48,0,0
1765988829385,141,HTTP Request,200,OK,Thread Group 1-63,text,true,,1515,137,3,3,https://jsonplaceholder.typicode.com/posts/1,141,0,93
1765988829521,55,HTTP Request,200,OK,Thread Group 1-62,text,true,,1515,137,3,3,https://jsonplaceholder.typicode.com/posts/1,55,0,0
1765988829527,50,HTTP Request,200,OK,Thread Group 1-63,text,true,,1515,137,3,3,https://jsonplaceholder.typicode.com/posts/1,50,0,0
1765988829576,51,HTTP Request,200,OK,Thread Group 1-62,text,true,,1515,137,4,4,https://jsonplaceholder.typicode.com/posts/1,51,0,0
1765988829577,50,HTTP Request,200,OK,Thread Group 1-63,text,true,,1515,137,4,4,https://jsonplaceholder.typicode.com/posts/1,50,0,0
1765988829485,167,HTTP Request,200,OK,Thread Group 1-64,text,true,,1515,137,3,3,https://jsonplaceholder.typicode.com/posts/1,166,0,108
1765988829627,50,HTTP Request,200,OK,Thread Group 1-63,text,true,,1515,137,3,3,https://jsonplaceholder.typicode.com/posts/1,50,0,0
1765988829652,46,HTTP Request,200,OK,Thread Group 1-64,text,true,,1515,137,4,4,https://jsonplaceholder.typicode.com/posts/1,46,0,0
1765988829677,51,HTTP Request,200,OK,Thread Group 1-63,text,true,,1515,137,4,4,https://jsonplaceholder.typicode.com/posts/1,51,0,0
1765988829585,147,HTTP Request,200,OK,Thread Group 1-65,text,true,,1515,137,3,3,https://jsonplaceholder.typicode.com/posts/1,147,0,97
1765988829699,45,HTTP Request,200,OK,Thread Group 1-64,text,true,,1515,137,3,3,https://jsonplaceholder.typicode.com/posts/1,45,0,0
1765988829732,47,HTTP Request,200,OK,Thread Group 1-65,text,true,,1515,137,3,3,https://jsonplaceholder.typicode.com/posts/1,46,0,0
1765988829745,48,HTTP Request,200,OK,Thread Group 1-64,text,true,,1515,137,4,4,https://jsonplaceholder.typicode.com/posts/1,47,0,0
1765988829779,47,HTTP Request,200,OK,Thread Group 1-65,text,true,,1515,137,4,4,https://jsonplaceholder.typicode.com/posts/1,47,0,0
1765988829686,142,HTTP Request,200,OK,Thread Group 1-66,text,true,,1515,137,4,4,https://jsonplaceholder.typicode.com/posts/1,142,0,95
1765988829793,60,HTTP Request,200,OK,Thread Group 1-64,text,true,,1515,137,4,4,https://jsonplaceholder.typicode.com/posts/1,60,0,0
1765988829827,45,HTTP Request,200,OK,Thread Group 1-65,text,true,,1515,137,3,3,https://jsonplaceholder.typicode.com/posts/1,45,0,0
1765988829829,49,HTTP Request,200,OK,Thread Group 1-66,text,true,,1515,137,3,3,https://jsonplaceholder.typicode.com/posts/1,49,0,0
1765988829873,51,HTTP Request,200,OK,Thread Group 1-65,text,true,,1515,137,4,4,https://jsonplaceholder.typicode.com/posts/1,51,0,0
1765988829878,46,HTTP Request,200,OK,Thread Group 1-66,text,true,,1515,137,4,4,https://jsonplaceholder.typicode.com/posts/1,46,0,0
1765988829786,141,HTTP Request,200,OK,Thread Group 1-67,text,true,,1515,137,3,3,https://jsonplaceholder.typicode.com/posts/1,141,0,92
1765988829924,51,HTTP Request,200,OK,Thread Group 1-66,text,true,,1515,137,3,3,https://jsonplaceholder.typicode.com/posts/1,51,0,0
1765988829927,49,HTTP Request,200,OK,Thread Group 1-67,text,true,,1515,137,3,3,https://jsonplaceholder.typicode.com/posts/1,48,0,0
1765988829976,46,HTTP Request,200,OK,Thread Group 1-67,text,true,,1515,137,4,4,https://jsonplaceholder.typicode.com/posts/1,46,0,0
1765988829976,47,HTTP Request,200,OK,Thread Group 1-66,text,true,,1515,137,4,4,https://jsonplaceholder.typicode.com/posts/1,47,0,0
1765988829885,144,HTTP Request,200,OK,Thread Group 1-68,text,true,,1515,137,3,3,https://jsonplaceholder.typicode.com/posts/1,144,0,95
1765988830023,46,HTTP Request,200,OK,Thread Group 1-67,text,true,,1515,137,3,3,https://jsonplaceholder.typicode.com/posts/1,46,0,0
1765988830030,47,HTTP Request,200,OK,Thread Group 1-68,text,true,,1515,137,3,3,https://jsonplaceholder.typicode.com/posts/1,47,0,0
1765988830069,46,HTTP Request,200,OK,Thread Group 1-67,text,true,,1515,137,4,4,https://jsonplaceholder.typicode.com/posts/1,46,0,0
1765988830078,45,HTTP Request,200,OK,Thread Group 1-68,text,true,,1515,137,3,3,https://jsonplaceholder.typicode.com/posts/1,45,0,0
1765988829986,145,HTTP Request,200,OK,Thread Group 1-69,text,true,,1515,137,3,3,https://jsonplaceholder.typicode.com/posts/1,145,0,96
1765988830123,46,HTTP Request,200,OK,Thread Group 1-68,text,true,,1515,137,3,3,https://jsonplaceholder.typicode.com/posts/1,46,0,0
1765988830132,47,HTTP Request,200,OK,Thread Group 1-69,text,true,,1515,137,3,3,https://jsonplaceholder.typicode.com/posts/1,47,0,0
1765988830170,48,HTTP Request,200,OK,Thread Group 1-68,text,true,,1515,137,4,4,https://jsonplaceholder.typicode.com/posts/1,48,0,0
1765988830180,51,HTTP Request,200,OK,Thread Group 1-69,text,true,,1515,137,3,3,https://jsonplaceholder.typicode.com/posts/1,51,0,0
1765988830086,146,HTTP Request,200,OK,Thread Group 1-70,text,true,,1515,137,3,3,https://jsonplaceholder.typicode.com/posts/1,146,0,96
1765988830233,50,HTTP Request,200,OK,Thread Group 1-70,text,true,,1515,137,3,3,https://jsonplaceholder.typicode.com/posts/1,50,0,0
1765988830232,51,HTTP Request,200,OK,Thread Group 1-69,text,true,,1515,137,3,3,https://jsonplaceholder.typicode.com/posts/1,51,0,0
1765988830283,50,HTTP Request,200,OK,Thread Group 1-70,text,true,,1515,137,4,4,https://jsonplaceholder.typicode.com/posts/1,50,0,0
1765988830284,50,HTTP Request,200,OK,Thread Group 1-69,text,true,,1515,137,4,4,https://jsonplaceholder.typicode.com/posts/1,50,0,0
1765988830185,149,HTTP Request,200,OK,Thread Group 1-71,text,true,,1515,137,4,4,https://jsonplaceholder.typicode.com/posts/1,149,0,97
1765988830334,46,HTTP Request,200,OK,Thread Group 1-70,text,true,,1515,137,3,3,https://jsonplaceholder.typicode.com/posts/1,46,0,0
1765988830335,50,HTTP Request,200,OK,Thread Group 1-71,text,true,,1515,137,4,4,https://jsonplaceholder.typicode.com/posts/1,50,0,0
1765988830381,50,HTTP Request,200,OK,Thread Group 1-70,text,true,,1515,137,4,4,https://jsonplaceholder.typicode.com/posts/1,50,0,0
1765988830386,55,HTTP Request,200,OK,Thread Group 1-71,text,true,,1515,137,3,3,https://jsonplaceholder.typicode.com/posts/1,55,0,0
1765988830286,156,HTTP Request,200,OK,Thread Group 1-72,text,true,,1515,137,3,3,https://jsonplaceholder.typicode.com/posts/1,156,0,100
1765988830442,47,HTTP Request,200,OK,Thread Group 1-71,text,true,,1515,137,4,4,https://jsonplaceholder.typicode.com/posts/1,47,0,0
1765988830442,48,HTTP Request,200,OK,Thread Group 1-72,text,true,,1515,137,4,4,https://jsonplaceholder.typicode.com/posts/1,48,0,0
1765988830386,149,HTTP Request,200,OK,Thread Group 1-73,text,true,,1515,137,4,4,https://jsonplaceholder.typicode.com/posts/1,149,0,98
1765988830489,49,HTTP Request,200,OK,Thread Group 1-71,text,true,,1515,137,4,4,https://jsonplaceholder.typicode.com/posts/1,49,0,0
1765988830491,48,HTTP Request,200,OK,Thread Group 1-72,text,true,,1515,137,4,4,https://jsonplaceholder.typicode.com/posts/1,48,0,0
1765988830536,49,HTTP Request,200,OK,Thread Group 1-73,text,true,,1515,137,4,4,https://jsonplaceholder.typicode.com/posts/1,49,0,0
1765988830539,52,HTTP Request,200,OK,Thread Group 1-72,text,true,,1515,137,4,4,https://jsonplaceholder.typicode.com/posts/1,52,0,0
1765988830586,48,HTTP Request,200,OK,Thread Group 1-73,text,true,,1515,137,4,4,https://jsonplaceholder.typicode.com/posts/1,48,0,0
1765988830487,149,HTTP Request,200,OK,Thread Group 1-74,text,true,,1515,137,4,4,https://jsonplaceholder.typicode.com/posts/1,149,0,100
1765988830591,50,HTTP Request,200,OK,Thread Group 1-72,text,true,,1515,137,4,4,https://jsonplaceholder.typicode.com/posts/1,50,0,0
1765988830634,47,HTTP Request,200,OK,Thread Group 1-73,text,true,,1515,137,3,3,https://jsonplaceholder.typicode.com/posts/1,47,0,0
1765988830636,49,HTTP Request,200,OK,Thread Group 1-74,text,true,,1515,137,4,4,https://jsonplaceholder.typicode.com/posts/1,49,0,0
1765988830585,143,HTTP Request,200,OK,Thread Group 1-75,text,true,,1515,137,4,4,https://jsonplaceholder.typicode.com/posts/1,143,0,94
1765988830681,48,HTTP Request,200,OK,Thread Group 1-73,text,true,,1515,137,4,4,https://jsonplaceholder.typicode.com/posts/1,47,0,0
1765988830686,46,HTTP Request,200,OK,Thread Group 1-74,text,true,,1515,137,3,3,https://jsonplaceholder.typicode.com/posts/1,46,0,0
1765988830729,48,HTTP Request,200,OK,Thread Group 1-75,text,true,,1515,137,3,3,https://jsonplaceholder.typicode.com/posts/1,48,0,0
1765988830732,46,HTTP Request,200,OK,Thread Group 1-74,text,true,,1515,137,3,3,https://jsonplaceholder.typicode.com/posts/1,46,0,0
1765988830779,45,HTTP Request,200,OK,Thread Group 1-74,text,true,,1515,137,4,4,https://jsonplaceholder.typicode.com/posts/1,45,0,0
1765988830777,50,HTTP Request,200,OK,Thread Group 1-75,text,true,,1515,137,3,3,https://jsonplaceholder.typicode.com/posts/1,50,0,0
1765988830685,144,HTTP Request,200,OK,Thread Group 1-76,text,true,,1515,137,3,3,https://jsonplaceholder.typicode.com/posts/1,144,0,95
1765988830828,48,HTTP Request,200,OK,Thread Group 1-75,text,true,,1515,137,3,3,https://jsonplaceholder.typicode.com/posts/1,48,0,0
1765988830830,48,HTTP Request,200,OK,Thread Group 1-76,text,true,,1515,137,3,3,https://jsonplaceholder.typicode.com/posts/1,48,0,0
1765988830876,47,HTTP Request,200,OK,Thread Group 1-75,text,true,,1515,137,4,4,https://jsonplaceholder.typicode.com/posts/1,47,0,0
1765988830878,48,HTTP Request,200,OK,Thread Group 1-76,text,true,,1515,137,3,3,https://jsonplaceholder.typicode.com/posts/1,48,0,0
1765988830785,148,HTTP Request,200,OK,Thread Group 1-77,text,true,,1515,137,3,3,https://jsonplaceholder.typicode.com/posts/1,148,0,96
1765988830926,47,HTTP Request,200,OK,Thread Group 1-76,text,true,,1515,137,3,3,https://jsonplaceholder.typicode.com/posts/1,47,0,0
1765988830933,49,HTTP Request,200,OK,Thread Group 1-77,text,true,,1515,137,3,3,https://jsonplaceholder.typicode.com/posts/1,49,0,0
1765988830885,145,HTTP Request,200,OK,Thread Group 1-78,text,true,,1515,137,4,4,https://jsonplaceholder.typicode.com/posts/1,145,0,92
1765988830982,52,HTTP Request,200,OK,Thread Group 1-77,text,true,,1515,137,4,4,https://jsonplaceholder.typicode.com/posts/1,52,0,0
1765988830981,54,HTTP Request,200,OK,Thread Group 1-76,text,true,,1515,137,4,4,https://jsonplaceholder.typicode.com/posts/1,53,0,0
1765988831031,50,HTTP Request,200,OK,Thread Group 1-78,text,true,,1515,137,3,3,https://jsonplaceholder.typicode.com/posts/1,50,0,0
1765988831036,52,HTTP Request,200,OK,Thread Group 1-77,text,true,,1515,137,4,4,https://jsonplaceholder.typicode.com/posts/1,52,0,0
1765988831082,48,HTTP Request,200,OK,Thread Group 1-78,text,true,,1515,137,4,4,https://jsonplaceholder.typicode.com/posts/1,48,0,0
1765988831089,53,HTTP Request,200,OK,Thread Group 1-77,text,true,,1515,137,4,4,https://jsonplaceholder.typicode.com/posts/1,53,0,0
1765988830988,154,HTTP Request,200,OK,Thread Group 1-79,text,true,,1515,137,4,4,https://jsonplaceholder.typicode.com/posts/1,154,0,104
1765988831130,48,HTTP Request,200,OK,Thread Group 1-78,text,true,,1515,137,3,3,https://jsonplaceholder.typicode.com/posts/1,48,0,0
1765988831143,47,HTTP Request,200,OK,Thread Group 1-79,text,true,,1515,137,4,4,https://jsonplaceholder.typicode.com/posts/1,47,0,0
1765988831178,48,HTTP Request,200,OK,Thread Group 1-78,text,true,,1515,137,4,4,https://jsonplaceholder.typicode.com/posts/1,48,0,0
1765988831084,152,HTTP Request,200,OK,Thread Group 1-80,text,true,,1515,137,3,3,https://jsonplaceholder.typicode.com/posts/1,152,0,101
1765988831190,48,HTTP Request,200,OK,Thread Group 1-79,text,true,,1515,137,3,3,https://jsonplaceholder.typicode.com/posts/1,48,0,0
1765988831236,53,HTTP Request,200,OK,Thread Group 1-80,text,true,,1515,137,4,4,https://jsonplaceholder.typicode.com/posts/1,53,0,0
1765988831238,51,HTTP Request,200,OK,Thread Group 1-79,text,true,,1515,137,4,4,https://jsonplaceholder.typicode.com/posts/1,51,0,0
1765988831186,142,HTTP Request,200,OK,Thread Group 1-81,text,true,,1515,137,4,4,https://jsonplaceholder.typicode.com/posts/1,142,0,94
1765988831289,49,HTTP Request,200,OK,Thread Group 1-80,text,true,,1515,137,4,4,https://jsonplaceholder.typicode.com/posts/1,49,0,0
1765988831289,49,HTTP Request,200,OK,Thread Group 1-79,text,true,,1515,137,4,4,https://jsonplaceholder.typicode.com/posts/1,49,0,0
1765988831328,49,HTTP Request,200,OK,Thread Group 1-81,text,true,,1515,137,3,3,https://jsonplaceholder.typicode.com/posts/1,49,0,0
1765988831338,47,HTTP Request,200,OK,Thread Group 1-80,text,true,,1515,137,4,4,https://jsonplaceholder.typicode.com/posts/1,46,0,0
1765988831378,48,HTTP Request,200,OK,Thread Group 1-81,text,true,,1515,137,4,4,https://jsonplaceholder.typicode.com/posts/1,48,0,0
1765988831285,143,HTTP Request,200,OK,Thread Group 1-82,text,true,,1515,137,4,4,https://jsonplaceholder.typicode.com/posts/1,143,0,93
1765988831385,47,HTTP Request,200,OK,Thread Group 1-80,text,true,,1515,137,4,4,https://jsonplaceholder.typicode.com/posts/1,47,0,0
1765988831429,48,HTTP Request,200,OK,Thread Group 1-82,text,true,,1515,137,3,3,https://jsonplaceholder.typicode.com/posts/1,48,0,0
1765988831426,51,HTTP Request,200,OK,Thread Group 1-81,text,true,,1515,137,3,3,https://jsonplaceholder.typicode.com/posts/1,51,0,0
1765988831383,151,HTTP Request,200,OK,Thread Group 1-83,text,true,,1515,137,4,4,https://jsonplaceholder.typicode.com/posts/1,151,0,102
1765988831492,48,HTTP Request,200,OK,Thread Group 1-82,text,true,,1515,137,4,4,https://jsonplaceholder.typicode.com/posts/1,48,0,0
1765988831492,48,HTTP Request,200,OK,Thread Group 1-81,text,true,,1515,137,4,4,https://jsonplaceholder.typicode.com/posts/1,48,0,0
1765988831535,51,HTTP Request,200,OK,Thread Group 1-83,text,true,,1515,137,4,4,https://jsonplaceholder.typicode.com/posts/1,51,0,0
1765988831540,48,HTTP Request,200,OK,Thread Group 1-82,text,true,,1515,137,4,4,https://jsonplaceholder.typicode.com/posts/1,48,0,0
1765988831586,48,HTTP Request,200,OK,Thread Group 1-83,text,true,,1515,137,4,4,https://jsonplaceholder.typicode.com/posts/1,48,0,0
1765988831589,48,HTTP Request,200,OK,Thread Group 1-82,text,true,,1515,137,4,4,https://jsonplaceholder.typicode.com/posts/1,48,0,0
1765988831635,49,HTTP Request,200,OK,Thread Group 1-83,text,true,,1515,137,3,3,https://jsonplaceholder.typicode.com/posts/1,48,0,0
1765988831584,142,HTTP Request,200,OK,Thread Group 1-85,text,true,,1515,137,4,4,https://jsonplaceholder.typicode.com/posts/1,142,0,94
1765988831684,50,HTTP Request,200,OK,Thread Group 1-83,text,true,,1515,137,4,4,https://jsonplaceholder.typicode.com/posts/1,50,0,0
1765988831727,56,HTTP Request,200,OK,Thread Group 1-85,text,true,,1515,137,3,3,https://jsonplaceholder.typicode.com/posts/1,56,0,0
1765988831486,309,HTTP Request,200,OK,Thread Group 1-84,text,true,,1515,137,4,4,https://jsonplaceholder.typicode.com/posts/1,309,0,262
1765988831783,54,HTTP Request,200,OK,Thread Group 1-85,text,true,,1515,137,4,4,https://jsonplaceholder.typicode.com/posts/1,54,0,0
1765988831795,47,HTTP Request,200,OK,Thread Group 1-84,text,true,,1515,137,4,4,https://jsonplaceholder.typicode.com/posts/1,47,0,0
1765988831838,49,HTTP Request,200,OK,Thread Group 1-85,text,true,,1515,137,5,5,https://jsonplaceholder.typicode.com/posts/1,49,0,0
1765988831842,48,HTTP Request,200,OK,Thread Group 1-84,text,true,,1515,137,5,5,https://jsonplaceholder.typicode.com/posts/1,47,0,0
1765988831888,48,HTTP Request,200,OK,Thread Group 1-85,text,true,,1515,137,5,5,https://jsonplaceholder.typicode.com/posts/1,48,0,0
1765988831890,48,HTTP Request,200,OK,Thread Group 1-84,text,true,,1515,137,4,4,https://jsonplaceholder.typicode.com/posts/1,47,0,0
1765988831786,159,HTTP Request,200,OK,Thread Group 1-87,text,true,,1515,137,4,4,https://jsonplaceholder.typicode.com/posts/1,159,0,109
1765988831938,52,HTTP Request,200,OK,Thread Group 1-84,text,true,,1515,137,5,5,https://jsonplaceholder.typicode.com/posts/1,52,0,0
1765988831946,48,HTTP Request,200,OK,Thread Group 1-87,text,true,,1515,137,4,4,https://jsonplaceholder.typicode.com/posts/1,48,0,0
1765988831885,152,HTTP Request,200,OK,Thread Group 1-88,text,true,,1515,137,4,4,https://jsonplaceholder.typicode.com/posts/1,152,0,97
1765988831994,47,HTTP Request,200,OK,Thread Group 1-87,text,true,,1515,137,4,4,https://jsonplaceholder.typicode.com/posts/1,47,0,0
1765988832038,47,HTTP Request,200,OK,Thread Group 1-88,text,true,,1515,137,5,5,https://jsonplaceholder.typicode.com/posts/1,46,0,0
1765988832042,48,HTTP Request,200,OK,Thread Group 1-87,text,true,,1515,137,5,5,https://jsonplaceholder.typicode.com/posts/1,48,0,0
1765988832085,50,HTTP Request,200,OK,Thread Group 1-88,text,true,,1515,137,5,5,https://jsonplaceholder.typicode.com/posts/1,50,0,0
1765988832091,47,HTTP Request,200,OK,Thread Group 1-87,text,true,,1515,137,5,5,https://jsonplaceholder.typicode.com/posts/1,47,0,0
1765988831985,153,HTTP Request,200,OK,Thread Group 1-89,text,true,,1515,137,5,5,https://jsonplaceholder.typicode.com/posts/1,153,0,105
1765988832135,46,HTTP Request,200,OK,Thread Group 1-88,text,true,,1515,137,4,4,https://jsonplaceholder.typicode.com/posts/1,46,0,0
1765988832138,59,HTTP Request,200,OK,Thread Group 1-89,text,true,,1515,137,5,5,https://jsonplaceholder.typicode.com/posts/1,59,0,0
1765988831686,520,HTTP Request,200,OK,Thread Group 1-86,text,true,,1515,137,5,5,https://jsonplaceholder.typicode.com/posts/1,519,0,472
1765988832182,47,HTTP Request,200,OK,Thread Group 1-88,text,true,,1515,137,5,5,https://jsonplaceholder.typicode.com/posts/1,47,0,0
1765988832085,155,HTTP Request,200,OK,Thread Group 1-90,text,true,,1515,137,4,4,https://jsonplaceholder.typicode.com/posts/1,155,0,100
1765988832198,44,HTTP Request,200,OK,Thread Group 1-89,text,true,,1515,137,4,4,https://jsonplaceholder.typicode.com/posts/1,44,0,0
1765988832206,45,HTTP Request,200,OK,Thread Group 1-86,text,true,,1515,137,4,4,https://jsonplaceholder.typicode.com/posts/1,45,0,0
1765988832240,48,HTTP Request,200,OK,Thread Group 1-90,text,true,,1515,137,5,5,https://jsonplaceholder.typicode.com/posts/1,48,0,0
1765988832242,46,HTTP Request,200,OK,Thread Group 1-89,text,true,,1515,137,5,5,https://jsonplaceholder.typicode.com/posts/1,46,0,0
1765988832251,45,HTTP Request,200,OK,Thread Group 1-86,text,true,,1515,137,5,5,https://jsonplaceholder.typicode.com/posts/1,44,0,0
1765988832186,142,HTTP Request,200,OK,Thread Group 1-91,text,true,,1515,137,5,5,https://jsonplaceholder.typicode.com/posts/1,142,0,95
1765988832289,52,HTTP Request,200,OK,Thread Group 1-89,text,true,,1515,137,5,5,https://jsonplaceholder.typicode.com/posts/1,52,0,0
1765988832288,53,HTTP Request,200,OK,Thread Group 1-90,text,true,,1515,137,5,5,https://jsonplaceholder.typicode.com/posts/1,53,0,0
1765988832296,45,HTTP Request,200,OK,Thread Group 1-86,text,true,,1515,137,5,5,https://jsonplaceholder.typicode.com/posts/1,45,0,0
1765988832329,47,HTTP Request,200,OK,Thread Group 1-91,text,true,,1515,137,4,4,https://jsonplaceholder.typicode.com/posts/1,47,0,0
1765988832341,47,HTTP Request,200,OK,Thread Group 1-90,text,true,,1515,137,5,5,https://jsonplaceholder.typicode.com/posts/1,47,0,0
1765988832342,47,HTTP Request,200,OK,Thread Group 1-86,text,true,,1515,137,5,5,https://jsonplaceholder.typicode.com/posts/1,46,0,0
1765988832376,46,HTTP Request,200,OK,Thread Group 1-91,text,true,,1515,137,4,4,https://jsonplaceholder.typicode.com/posts/1,46,0,0
1765988832284,150,HTTP Request,200,OK,Thread Group 1-92,text,true,,1515,137,4,4,https://jsonplaceholder.typicode.com/posts/1,150,0,95
1765988832389,46,HTTP Request,200,OK,Thread Group 1-90,text,true,,1515,137,4,4,https://jsonplaceholder.typicode.com/posts/1,46,0,0
1765988832423,54,HTTP Request,200,OK,Thread Group 1-91,text,true,,1515,137,3,3,https://jsonplaceholder.typicode.com/posts/1,54,0,0
1765988832435,62,HTTP Request,200,OK,Thread Group 1-92,text,true,,1515,137,4,4,https://jsonplaceholder.typicode.com/posts/1,62,0,0
1765988832486,53,HTTP Request,200,OK,Thread Group 1-91,text,true,,1515,137,4,4,https://jsonplaceholder.typicode.com/posts/1,53,0,0
1765988832382,157,HTTP Request,200,OK,Thread Group 1-93,text,true,,1515,137,4,4,https://jsonplaceholder.typicode.com/posts/1,157,0,100
1765988832497,50,HTTP Request,200,OK,Thread Group 1-92,text,true,,1515,137,3,3,https://jsonplaceholder.typicode.com/posts/1,50,0,0
1765988832539,49,HTTP Request,200,OK,Thread Group 1-93,text,true,,1515,137,4,4,https://jsonplaceholder.typicode.com/posts/1,48,0,0
1765988832548,49,HTTP Request,200,OK,Thread Group 1-92,text,true,,1515,137,4,4,https://jsonplaceholder.typicode.com/posts/1,49,0,0
1765988832485,139,HTTP Request,200,OK,Thread Group 1-94,text,true,,1515,137,4,4,https://jsonplaceholder.typicode.com/posts/1,139,0,92
1765988832588,48,HTTP Request,200,OK,Thread Group 1-93,text,true,,1515,137,4,4,https://jsonplaceholder.typicode.com/posts/1,48,0,0
1765988832597,47,HTTP Request,200,OK,Thread Group 1-92,text,true,,1515,137,4,4,https://jsonplaceholder.typicode.com/posts/1,47,0,0
1765988832624,48,HTTP Request,200,OK,Thread Group 1-94,text,true,,1515,137,3,3,https://jsonplaceholder.typicode.com/posts/1,47,0,0
1765988832636,50,HTTP Request,200,OK,Thread Group 1-93,text,true,,1515,137,4,4,https://jsonplaceholder.typicode.com/posts/1,50,0,0
1765988832672,49,HTTP Request,200,OK,Thread Group 1-94,text,true,,1515,137,4,4,https://jsonplaceholder.typicode.com/posts/1,49,0,0
1765988832585,145,HTTP Request,200,OK,Thread Group 1-95,text,true,,1515,137,4,4,https://jsonplaceholder.typicode.com/posts/1,145,0,95
1765988832687,47,HTTP Request,200,OK,Thread Group 1-93,text,true,,1515,137,4,4,https://jsonplaceholder.typicode.com/posts/1,47,0,0
1765988832721,46,HTTP Request,200,OK,Thread Group 1-94,text,true,,1515,137,3,3,https://jsonplaceholder.typicode.com/posts/1,46,0,0
1765988832731,47,HTTP Request,200,OK,Thread Group 1-95,text,true,,1515,137,3,3,https://jsonplaceholder.typicode.com/posts/1,47,0,0
1765988832767,47,HTTP Request,200,OK,Thread Group 1-94,text,true,,1515,137,4,4,https://jsonplaceholder.typicode.com/posts/1,47,0,0
1765988832779,46,HTTP Request,200,OK,Thread Group 1-95,text,true,,1515,137,3,3,https://jsonplaceholder.typicode.com/posts/1,46,0,0
1765988832685,149,HTTP Request,200,OK,Thread Group 1-96,text,true,,1515,137,3,3,https://jsonplaceholder.typicode.com/posts/1,149,0,96
1765988832826,48,HTTP Request,200,OK,Thread Group 1-95,text,true,,1515,137,3,3,https://jsonplaceholder.typicode.com/posts/1,48,0,0
1765988832835,49,HTTP Request,200,OK,Thread Group 1-96,text,true,,1515,137,4,4,https://jsonplaceholder.typicode.com/posts/1,49,0,0
1765988832874,47,HTTP Request,200,OK,Thread Group 1-95,text,true,,1515,137,4,4,https://jsonplaceholder.typicode.com/posts/1,46,0,0
1765988832885,47,HTTP Request,200,OK,Thread Group 1-96,text,true,,1515,137,3,3,https://jsonplaceholder.typicode.com/posts/1,47,0,0
1765988832785,148,HTTP Request,200,OK,Thread Group 1-97,text,true,,1515,137,3,3,https://jsonplaceholder.typicode.com/posts/1,148,0,94
1765988832933,57,HTTP Request,200,OK,Thread Group 1-97,text,true,,1515,137,4,4,https://jsonplaceholder.typicode.com/posts/1,57,0,0
1765988832933,57,HTTP Request,200,OK,Thread Group 1-96,text,true,,1515,137,4,4,https://jsonplaceholder.typicode.com/posts/1,57,0,0
1765988832990,52,HTTP Request,200,OK,Thread Group 1-97,text,true,,1515,137,4,4,https://jsonplaceholder.typicode.com/posts/1,52,0,0
1765988832990,52,HTTP Request,200,OK,Thread Group 1-96,text,true,,1515,137,4,4,https://jsonplaceholder.typicode.com/posts/1,52,0,0
1765988832885,158,HTTP Request,200,OK,Thread Group 1-98,text,true,,1515,137,4,4,https://jsonplaceholder.typicode.com/posts/1,157,0,109
1765988833042,47,HTTP Request,200,OK,Thread Group 1-97,text,true,,1515,137,4,4,https://jsonplaceholder.typicode.com/posts/1,47,0,0
1765988833043,47,HTTP Request,200,OK,Thread Group 1-98,text,true,,1515,137,4,4,https://jsonplaceholder.typicode.com/posts/1,47,0,0
1765988833090,48,HTTP Request,200,OK,Thread Group 1-98,text,true,,1515,137,4,4,https://jsonplaceholder.typicode.com/posts/1,48,0,0
1765988832984,154,HTTP Request,200,OK,Thread Group 1-99,text,true,,1515,137,4,4,https://jsonplaceholder.typicode.com/posts/1,154,0,95
1765988833090,48,HTTP Request,200,OK,Thread Group 1-97,text,true,,1515,137,4,4,https://jsonplaceholder.typicode.com/posts/1,48,0,0
1765988833139,48,HTTP Request,200,OK,Thread Group 1-98,text,true,,1515,137,3,3,https://jsonplaceholder.typicode.com/posts/1,48,0,0
1765988833138,49,HTTP Request,200,OK,Thread Group 1-99,text,true,,1515,137,3,3,https://jsonplaceholder.typicode.com/posts/1,49,0,0
1765988833187,48,HTTP Request,200,OK,Thread Group 1-98,text,true,,1515,137,3,3,https://jsonplaceholder.typicode.com/posts/1,48,0,0
1765988833187,48,HTTP Request,200,OK,Thread Group 1-99,text,true,,1515,137,3,3,https://jsonplaceholder.typicode.com/posts/1,48,0,0
1765988833084,158,HTTP Request,200,OK,Thread Group 1-100,text,true,,1515,137,2,2,https://jsonplaceholder.typicode.com/posts/1,158,0,107
1765988833236,48,HTTP Request,200,OK,Thread Group 1-99,text,true,,1515,137,2,2,https://jsonplaceholder.typicode.com/posts/1,47,0,0
1765988833243,49,HTTP Request,200,OK,Thread Group 1-100,text,true,,1515,137,2,2,https://jsonplaceholder.typicode.com/posts/1,49,0,0
1765988833284,50,HTTP Request,200,OK,Thread Group 1-99,text,true,,1515,137,2,2,https://jsonplaceholder.typicode.com/posts/1,50,0,0
1765988833292,51,HTTP Request,200,OK,Thread Group 1-100,text,true,,1515,137,1,1,https://jsonplaceholder.typicode.com/posts/1,51,0,0
1765988833343,51,HTTP Request,200,OK,Thread Group 1-100,text,true,,1515,137,1,1,https://jsonplaceholder.typicode.com/posts/1,51,0,0
1765988833394,50,HTTP Request,200,OK,Thread Group 1-100,text,true,,1515,137,1,1,https://jsonplaceholder.typicode.com/posts/1,50,0,0
